"name.list","removal.spring.early","removal.spring.late","removal.fall.early","removal.fall.late"
"1001002",5,7,9,11
"1001003",5,7,9,11
"1001005",5,7,9,10
"1001007",5,7,9,10
"1001009",5,7,9,11
"1001010",5,7,9,10
"1001016",5,7,9,11
"1002010",5,7,9,11
"1002013",5,7,9,10
"1002015",5,7,9,10
"1002020",5,7,9,10
"1003017",5,7,9,10
"1004001",5,7,9,10
"1004004",5,7,9,10
"1004005",5,7,9,10
"1004012",4,7,9,11
"1004013",4,7,9,11
"1004014",4,7,9,11
"1004015",4,7,9,11
"1004018",4,7,9,11
"1004019",4,7,9,11
"1004020",4,7,9,11
"1004021",4,7,9,11
"1004022",4,7,9,11
"1004023",5,7,9,10
"1004025",5,7,9,11
"1004026",5,7,9,11
"1004027",5,7,9,10
"1004030",5,7,9,11
"1005001",5,7,9,11
"1005002",4,7,9,11
"1005003",5,7,9,11
"1005004",4,7,9,11
"1005005",5,7,9,11
"1005006",5,7,9,11
"1005007",5,7,9,11
"1005008",5,7,9,11
"1005009",5,7,9,11
"1005010",5,7,9,11
"1005011",5,7,9,11
"1005012",5,7,9,11
"1005013",5,7,9,11
"1005014",5,7,9,11
"1005015",5,7,9,11
"1005016",5,7,9,11
"1005017",5,7,9,11
"1005018",5,7,9,11
"1006002",4,7,9,11
"1006004",5,7,9,11
"1006006",5,7,9,11
"1006007",5,7,9,11
"1006009",5,7,9,11
"1006011",5,7,9,11
"1006014",5,7,9,11
"1006018",5,7,9,11
"1006020",5,7,9,11
"1006022",5,7,9,11
"1006023",5,7,9,11
"1006024",5,7,9,11
"1006025",5,7,9,11
"1006026",5,7,9,11
"1006027",5,7,9,11
"1006029",5,7,9,11
"1007001",4,7,9,11
"1007002",4,7,9,11
"1007003",4,7,9,11
"1007004",4,7,9,11
"1007005",4,7,9,11
"1007006",4,7,9,11
"1007007",4,7,9,11
"1007008",4,7,9,11
"1007009",4,7,9,11
"1007010",4,7,9,11
"1007011",4,7,9,11
"1007012",4,7,9,11
"1007013",4,7,9,11
"1007014",5,7,9,11
"1007015",4,7,9,11
"1007016",5,7,9,11
"1007018",5,7,9,11
"1007019",5,7,9,11
"1007020",5,7,9,11
"1007021",5,7,9,11
"1007022",4,7,9,11
"1008003",4,7,9,11
"1008004",5,7,9,11
"1008005",4,7,9,11
"1008006",4,7,9,11
"1008008",5,7,9,11
"1008009",5,7,9,11
"1008011",4,7,9,11
"1008014",4,7,9,11
"1008016",5,7,9,11
"1008019",5,7,9,11
"1008020",4,7,9,11
"1008022",4,7,9,11
"1009007",5,7,9,11
"1009011",5,7,9,11
"1009013",5,7,9,11
"1009014",5,7,9,11
"1009018",5,7,9,11
"1010002",5,7,9,11
"1010003",4,7,9,11
"1010004",5,7,9,11
"1010005",5,7,9,11
"1011001",4,7,9,11
"1011002",5,7,9,11
"1011003",4,7,9,11
"1011004",4,7,9,11
"1012002",5,7,9,10
"1012005",5,7,9,11
"1012008",4,7,9,11
"1012013",5,7,9,11
"1012014",5,7,9,11
"1012020",5,7,9,11
"1013004",5,7,9,10
"1013008",5,7,9,10
"1013009",5,7,8,10
"1013010",5,7,9,10
"1015001",5,7,9,10
"1015002",5,7,9,10
"1015003",5,7,9,10
"1015004",5,7,9,10
"1015005",5,7,9,10
"1015006",5,7,9,10
"1015007",5,7,9,10
"1015008",5,7,9,10
"1015011",5,7,9,10
"1015012",5,7,9,10
"1015014",5,7,9,10
"1015015",5,7,9,10
"1015016",5,7,9,10
"1015017",5,7,9,10
"1015018",5,7,9,10
"1016002",5,7,9,10
"1016003",5,7,9,10
"1017007",5,7,9,10
"1017012",5,7,9,10
"1018001",5,7,9,10
"1018002",5,7,9,11
"1018004",5,7,9,10
"1018005",5,7,9,10
"1018006",5,7,9,10
"1018007",5,7,9,10
"1018008",5,7,9,10
"244003",5,7,9,10
"244007",5,7,9,10
"244014",4,7,9,10
"244025",4,7,9,10
"244028",4,7,9,10
"244061",5,7,9,10
"244070",5,7,9,10
"252025",5,7,9,10
"371010",4,6,9,11
"374005",4,6,9,11
"375001",4,6,9,11
"375002",4,6,9,11
"375003",4,6,9,11
"375004",4,6,9,11
"375005",4,6,9,11
"375006",4,6,9,11
"375007",4,6,9,11
"375008",4,6,9,11
"375010",4,6,9,11
"375011",4,6,9,11
"375013",4,6,9,11
"375014",4,6,9,11
"376004",4,6,9,11
"378002",4,6,9,11
"378003",4,6,9,11
"379001",4,6,9,11
"379002",4,6,9,11
"379003",4,6,9,11
"380001",4,6,9,11
"380002",4,6,9,11
"380003",4,6,9,11
"380004",4,6,9,11
"380005",4,6,9,11
"380006",4,6,9,11
"381002",4,6,9,11
"383001",4,6,9,11
"383003",5,7,9,11
"383004",4,7,9,11
"383005",4,6,9,11
"386014",5,7,9,11
"391002",4,6,9,11
"400006",5,7,9,11
"400008",5,7,9,11
"401019",5,7,9,11
"401021",5,7,9,11
"401023",5,7,9,11
"401026",5,7,9,11
"401029",5,7,9,11
"401032",5,7,9,11
"401035",5,7,9,11
"401036",5,7,9,11
"401042",5,7,9,11
"401046",5,7,9,11
"401047",5,7,9,11
"401048",5,7,9,11
"401050",5,7,9,11
"401051",5,7,9,11
"401053",5,7,9,11
"401055",5,7,9,11
"401056",5,7,9,11
"401057",5,7,9,11
"401058",5,7,9,11
"401059",5,7,9,11
"401063",5,7,9,11
"401064",5,7,9,11
"401065",5,7,9,11
"401066",5,7,9,11
"401067",5,7,9,11
"401069",5,7,9,11
"401070",5,7,9,11
"401071",5,7,9,11
"401072",5,7,9,11
"401073",5,7,9,11
"401074",5,7,9,11
"401075",5,7,9,11
"401076",5,7,9,11
"401077",5,7,9,11
"401078",5,7,9,11
"401081",5,7,9,11
"401083",5,7,9,11
"401085",5,7,9,11
"401086",5,7,9,11
"401087",5,7,9,11
"401090",5,7,9,11
"401092",5,7,9,11
"401094",5,7,9,11
"401095",5,7,9,11
"401096",5,7,9,11
"401097",5,7,9,11
"401098",5,7,9,11
"401099",5,7,9,11
"401100",5,7,9,11
"401102",5,7,9,11
"401106",5,7,9,11
"401108",5,7,9,11
"401110",5,7,9,11
"401111",5,7,9,11
"401112",5,7,9,11
"401113",5,7,9,11
"401116",5,7,9,11
"401117",5,7,9,11
"401118",5,7,9,11
"401119",5,7,9,11
"401121",5,7,9,11
"401125",5,7,9,11
"401130",5,7,9,11
"401137",5,7,9,11
"401140",5,7,9,11
"401141",5,7,9,11
"402004",5,7,9,11
"407002",5,7,9,11
"407003",5,7,9,11
"407004",5,7,9,11
"407005",5,7,9,11
"407007",5,7,9,11
"408002",5,7,9,11
"408003",4,6,9,11
"408005",4,6,9,11
"408006",4,6,9,11
"408007",4,6,9,11
"408010",4,6,9,11
"408011",4,6,9,11
"408012",4,6,9,11
"408014",4,6,9,11
"408016",4,6,9,11
"408017",4,6,9,11
"408018",4,6,9,11
"408019",4,6,9,11
"408020",4,6,9,11
"408021",4,6,9,11
"409003",4,6,9,11
"409008",4,7,9,11
"409009",5,6,9,11
"410001",5,7,10,11
"410002",4,7,9,11
"411002",4,6,9,11
"411003",4,6,9,11
"411004",4,6,9,11
"411005",4,6,9,11
"411006",4,6,9,11
"411007",4,7,10,11
"411008",4,6,9,11
"411011",4,6,9,11
"411012",4,6,9,11
"411013",4,6,9,11
"412001",4,7,10,11
"413002",4,6,10,11
"413006",4,6,10,11
"413008",4,6,10,11
"413009",4,6,10,11
"413010",4,6,9,11
"413011",4,6,9,11
"413012",4,6,10,11
"413013",4,6,9,11
"413014",4,6,10,11
"413015",4,6,9,11
"413016",4,6,10,11
"413017",4,6,10,11
"413018",4,6,10,11
"413019",4,6,10,11
"413020",4,6,10,11
"413021",4,6,10,11
"413022",4,6,10,11
"413023",4,6,10,11
"413024",4,6,10,11
"413025",4,6,10,11
"413026",4,6,10,11
"415004",5,7,9,11
"415005",5,7,9,11
"415008",5,7,9,11
"418006",5,7,9,11
"418007",5,7,9,11
"418008",5,7,9,11
"418009",5,7,9,11
"418010",5,7,9,11
"418011",5,7,9,11
"418012",5,7,9,11
"418013",5,7,9,11
"418014",5,7,9,11
"418015",5,7,9,11
"418017",5,7,9,11
"418020",5,7,9,11
"418021",5,7,9,11
"418023",5,7,9,11
"418024",5,7,9,11
"418026",5,7,9,11
"418027",5,7,9,11
"418028",5,7,9,11
"418029",5,7,9,11
"418030",4,6,9,11
"419001",5,7,9,11
"421001",5,7,9,11
"421005",5,7,9,11
"421006",5,7,9,11
"421008",5,7,9,11
"421010",5,7,9,11
"422006",4,6,9,11
"422007",4,6,9,11
"423021",4,6,10,11
"423022",4,6,10,11
"423023",4,6,10,11
"423024",4,6,9,11
"423028",4,6,10,11
"424001",4,6,9,11
"424002",4,6,9,11
"424003",4,6,9,11
"424004",4,6,9,11
"424005",4,6,10,11
"424006",4,6,10,11
"424007",4,6,10,11
"424008",4,6,9,11
"425001",4,6,9,11
"425002",4,6,9,11
"425003",4,6,9,11
"425004",4,6,9,11
"425006",4,6,9,11
"425007",4,6,9,11
"425008",4,6,9,11
"425009",4,6,9,11
"425010",4,6,10,11
"425011",4,6,10,11
"425012",4,6,10,11
"425013",4,6,9,11
"425014",4,6,10,11
"425015",4,6,10,11
"425016",4,6,10,11
"425018",4,6,10,11
"425019",4,6,10,11
"425020",4,6,10,11
"425021",4,6,10,11
"425022",4,6,10,11
"425023",4,6,10,11
"425024",4,6,10,11
"425025",4,6,10,11
"425026",4,6,10,11
"425027",4,6,10,11
"425028",4,6,10,11
"425029",4,6,10,11
"425030",4,6,10,11
"425031",4,6,10,11
"425033",4,6,10,11
"425034",4,6,10,11
"425035",4,6,10,11
"425036",4,6,10,11
"425037",4,6,10,11
"425039",4,6,10,11
"425040",4,6,10,11
"425041",4,6,10,11
"425042",4,6,10,11
"425043",4,6,10,11
"425044",4,6,9,11
"425045",4,6,9,11
"425046",4,6,9,11
"425047",4,6,9,11
"425048",4,6,9,11
"425049",4,6,9,11
"426001",4,6,9,11
"426003",4,6,9,11
"426004",4,6,9,11
"426005",4,6,9,11
"426006",4,6,9,11
"426007",4,6,9,11
"426008",4,6,9,11
"426010",4,6,10,11
"426012",4,6,10,11
"426013",4,6,9,11
"426014",4,6,10,11
"431001",5,7,9,11
"438002",5,7,9,11
"438003",5,7,9,11
"438015",5,7,9,11
"438017",5,7,9,11
"439009",5,7,9,11
"440006",5,7,9,11
"440009",5,7,9,11
"441001",5,7,9,11
"441003",5,7,9,11
"441004",5,7,9,11
"441006",5,6,9,11
"441007",5,7,9,11
"441008",5,6,9,11
"441009",5,6,9,11
"441010",5,6,9,11
"441012",5,7,9,11
"441013",5,6,9,11
"441014",5,6,9,11
"441015",5,7,9,11
"441016",5,6,9,11
"441017",5,7,9,11
"441018",5,6,9,11
"441019",5,6,9,11
"441020",5,7,9,11
"441021",5,6,9,11
"441022",5,6,9,11
"441023",5,7,9,11
"441024",5,7,9,11
"441026",5,7,9,11
"441027",5,7,9,11
"441028",5,6,9,11
"441029",5,7,9,11
"441030",5,6,9,11
"441031",5,7,9,11
"441032",5,7,9,11
"441033",5,6,9,11
"441034",5,7,9,11
"441035",5,6,9,11
"441036",5,7,9,11
"441037",5,6,9,11
"441038",5,7,9,11
"441039",5,6,9,11
"441040",5,7,9,11
"441042",5,7,9,11
"441043",5,7,9,11
"455009",5,7,10,11
"458002",5,7,10,11
"458003",5,7,9,11
"458007",5,7,10,11
"458013",5,7,10,11
"460001",5,7,10,11
"461008",5,7,10,11
"461012",5,7,10,11
"461014",5,7,10,11
"462001",5,7,10,11
"463010",5,7,10,11
"463011",5,7,10,11
"463013",5,7,10,11
"463015",5,7,10,11
"466005",5,7,10,11
"466008",5,7,10,11
"466019",5,7,10,11
"466022",5,7,10,11
"466031",5,7,10,11
"466051",5,7,9,11
"466056",5,7,9,11
"466061",5,7,9,11
"468010",5,7,10,11
"471012",5,7,10,11
"471018",5,7,10,11
"471019",5,7,10,11
"471020",5,7,10,11
"471021",5,7,10,11
"475001",5,7,10,11
"475002",5,7,10,11
"475008",5,7,10,11
"475010",5,7,10,11
"475012",5,7,10,11
"477003",5,7,10,11
"478001",5,7,9,11
"478002",5,7,9,11
"478006",5,7,10,11
"478008",5,7,9,11
"478012",5,7,9,11
"478013",5,7,10,11
"478015",5,7,9,11
"478017",5,7,9,11
"479001",5,7,9,11
"479002",5,7,9,11
"479003",5,7,9,11
"479004",5,7,9,11
"479005",5,7,9,11
"479006",5,7,9,11
"479007",5,7,9,11
"479008",5,7,9,11
"479009",5,7,9,11
"479010",5,7,9,11
"479011",5,7,9,11
"479012",5,7,9,11
"479013",5,7,9,11
"479014",5,7,9,11
"479015",5,7,9,11
"479017",5,7,9,11
"479018",5,7,9,11
"479019",5,7,9,11
"479020",5,7,9,11
"479021",5,7,9,11
"479022",5,7,9,11
"479024",5,7,9,11
"479025",5,7,9,11
"479026",5,7,9,11
"479027",5,7,9,11
"479028",5,7,9,11
"479029",5,7,9,11
"479030",5,7,9,11
"479031",5,7,9,11
"479032",5,7,9,11
"479033",5,7,9,11
"479034",5,7,9,11
"479035",5,7,9,11
"479036",5,7,9,11
"479037",5,7,9,11
"479038",5,7,9,11
"479039",5,7,9,11
"479040",5,7,9,11
"481001",5,7,9,11
"481002",5,7,9,11
"482001",5,7,9,11
"482002",5,7,9,11
"482003",5,7,9,11
"482004",5,7,9,11
"482005",5,7,9,11
"482007",4,6,9,11
"482008",4,6,9,11
"482009",4,6,9,11
"482010",4,6,9,11
"482011",4,6,9,11
"482013",4,6,9,11
"482014",4,6,9,11
"482015",4,6,9,11
"482017",4,6,9,11
"482018",4,6,9,11
"482019",4,6,10,11
"482020",4,6,9,11
"482021",4,6,10,11
"482022",4,6,9,11
"482023",4,6,9,11
"482024",4,6,9,11
"482025",4,6,9,11
"482026",4,6,9,11
"482027",4,6,9,11
"482028",4,6,9,11
"482029",4,6,9,11
"482030",4,6,9,11
"482031",4,6,9,11
"482032",4,6,9,11
"482033",4,6,9,11
"482034",4,6,9,11
"483001",4,6,9,11
"483002",4,6,9,11
"483003",4,6,9,11
"483004",4,6,9,11
"483005",4,6,9,11
"483006",4,6,10,11
"483007",4,6,10,11
"483008",4,6,10,11
"483009",4,6,10,11
"483010",4,6,10,11
"483011",4,6,10,11
"483012",4,6,10,11
"483013",4,6,10,11
"483014",4,6,10,11
"483015",4,6,10,11
"483016",4,6,10,11
"483017",4,6,10,11
"483018",4,6,10,11
"483019",4,6,10,11
"483020",4,6,10,11
"483021",4,6,10,11
"483022",4,6,10,11
"483023",4,6,10,11
"483024",4,6,10,11
"483025",4,6,10,11
"483026",4,6,10,11
"483027",4,6,10,11
"483029",4,6,10,11
"483030",4,6,10,11
"483031",4,6,10,11
"483032",4,6,9,11
"483033",4,6,9,11
"483034",4,6,9,11
"483035",4,6,10,11
"483036",4,6,10,11
"483037",4,6,10,11
"484001",5,7,9,11
"484002",5,7,9,11
"484003",5,7,9,11
"484004",5,7,9,11
"484005",5,7,9,11
"484011",5,7,9,11
"485001",5,7,9,11
"485003",5,7,9,11
"485006",5,7,9,11
"485007",5,7,10,11
"485014",5,7,9,11
"485016",5,7,10,11
"485017",5,7,9,11
"486004",5,7,9,11
"486009",5,7,9,11
"486010",5,7,9,11
"486011",5,7,9,11
"486020",5,7,9,11
"486023",5,7,9,11
"486024",5,7,9,11
"486025",5,7,9,11
"486026",5,7,9,11
"486029",5,7,9,11
"486030",4,6,9,11
"487007",5,7,9,11
"487009",5,7,9,11
"487010",5,7,9,11
"487011",5,7,9,11
"487012",5,7,9,11
"487013",5,7,9,11
"487014",5,7,9,11
"487015",5,7,9,11
"487016",5,7,9,11
"487017",5,7,9,11
"487018",5,7,9,11
"487019",5,7,9,11
"487020",5,7,9,11
"487021",5,7,9,11
"487022",5,7,9,11
"487023",5,7,9,11
"488013",5,7,9,11
"488015",4,6,10,11
"488016",4,6,10,11
"488017",4,6,10,11
"489014",4,7,9,11
"489018",4,7,9,11
"489019",4,6,9,11
"489025",4,6,10,11
"490002",5,7,9,11
"490004",4,7,9,11
"490006",4,7,9,11
"490007",4,7,9,11
"490008",4,6,9,11
"493001",5,7,9,11
"493002",5,7,9,11
"493003",5,7,9,11
"493004",5,7,9,11
"493005",4,6,9,11
"493006",4,6,9,11
"493007",4,6,9,11
"493008",4,6,9,11
"493009",4,6,9,11
"493010",4,6,9,11
"493013",4,6,10,11
"493014",4,6,10,11
"493015",4,6,10,11
"494001",4,6,9,11
"494002",4,6,10,11
"494003",4,6,10,11
"494004",4,6,10,11
"494005",4,6,10,11
"494007",4,6,10,11
"494008",4,6,10,11
"495001",4,6,10,11
"495002",4,6,10,11
"495003",4,6,10,11
"495004",4,6,10,11
"495006",4,6,10,11
"495008",4,6,10,11
"496001",4,7,10,11
"496002",4,7,10,11
"496003",4,7,10,11
"496004",4,6,10,11
"496005",4,7,10,11
"496006",4,6,10,11
"496007",4,6,10,11
"496008",4,7,10,11
"496009",4,6,10,11
"496010",4,6,10,11
"496011",4,6,10,11
"496012",4,7,10,11
"496013",4,6,10,11
"496014",4,6,10,11
"496015",4,7,10,11
"496016",4,7,10,11
"496018",4,7,10,11
"497002",4,6,10,11
"497003",4,6,10,11
"497004",4,6,10,11
"497009",4,6,10,11
"497010",4,6,10,11
"497015",4,6,10,11
"498001",4,7,10,11
"498002",4,7,10,11
"498004",4,7,10,11
"498005",4,7,10,11
"499001",4,6,10,11
"499003",4,6,10,11
"499004",4,6,10,11
"499005",4,6,10,11
"499015",4,6,10,11
"499016",4,6,10,11
"499017",4,6,10,11
"499020",4,6,10,11
"499021",4,6,10,11
"500001",5,7,10,11
"500003",5,7,10,11
"500005",5,7,10,11
"500006",5,7,10,11
"500007",5,7,10,11
"500008",5,7,10,11
"500010",5,7,10,11
"500012",5,7,10,11
"500013",5,7,10,11
"500014",5,7,10,11
"500015",5,7,10,11
"500016",5,7,10,11
"500018",5,7,10,11
"500021",5,7,10,11
"500022",5,7,10,11
"500023",4,6,10,11
"500024",5,7,10,11
"500025",5,7,10,11
"500026",5,7,10,11
"500027",5,7,10,11
"500028",5,7,10,11
"500033",4,7,10,11
"500034",5,7,10,11
"500035",4,7,10,11
"500037",4,7,10,11
"500038",4,7,10,11
"501001",5,7,10,11
"501002",5,7,10,11
"501003",5,7,10,11
"501007",5,7,10,11
"501008",5,7,10,11
"501013",5,7,10,11
"501014",5,7,10,11
"501015",5,7,10,11
"501016",5,7,10,11
"502001",4,6,10,11
"502002",4,6,10,11
"502003",4,6,10,11
"502004",4,6,10,11
"502005",4,6,10,11
"502007",4,6,10,11
"502014",4,6,10,11
"502015",4,6,10,11
"502019",4,6,10,11
"502023",4,6,10,11
"502026",4,6,10,11
"502027",4,6,10,11
"502028",4,6,10,11
"502030",4,6,10,11
"502031",4,6,10,11
"502032",4,6,10,11
"503001",4,6,10,11
"503002",4,6,10,11
"503003",4,6,10,11
"503004",4,6,10,11
"503006",4,6,10,11
"503007",4,6,10,11
"503008",4,6,10,11
"503009",4,6,10,11
"503010",4,6,10,11
"503011",5,7,10,11
"503012",4,6,10,11
"503013",4,6,10,11
"503015",4,7,10,11
"503016",4,7,10,11
"503017",4,6,10,11
"503020",4,7,10,11
"503022",4,6,10,11
"503024",4,7,10,11
"503026",4,7,10,11
"503033",4,7,10,11
"503035",4,7,10,11
"503036",4,6,10,11
"503037",4,7,10,11
"503040",4,6,10,11
"503044",4,7,10,11
"504001",5,7,10,11
"504002",5,7,10,11
"504004",4,7,10,11
"504005",4,7,10,11
"504006",4,7,10,11
"504007",4,7,10,11
"504008",5,7,10,11
"504010",4,7,10,11
"504011",4,7,10,11
"504013",4,7,10,11
"504014",4,7,10,11
"504015",4,7,10,11
"504016",4,7,10,11
"504017",4,7,10,11
"504018",4,7,10,11
"504019",4,7,10,11
"504020",4,7,10,11
"504021",4,7,10,11
"504022",4,7,10,11
"504023",4,7,10,11
"504024",4,7,10,11
"504025",4,7,10,11
"504026",4,7,10,11
"504027",4,7,10,11
"504029",4,7,10,11
"504030",4,7,10,11
"504031",4,7,10,11
"504032",5,7,10,11
"504033",5,7,10,11
"504034",4,7,10,11
"504035",5,7,10,11
"504036",4,7,10,11
"504037",4,7,10,11
"504038",5,7,10,11
"504039",4,7,10,11
"504040",4,7,10,11
"504041",4,7,10,11
"504042",4,7,10,11
"504043",4,7,10,11
"504044",4,7,10,11
"504045",4,7,10,11
"504046",4,7,10,11
"505001",4,6,10,11
"505002",4,6,10,11
"505003",4,6,10,11
"505004",4,6,10,11
"505005",4,6,10,11
"505009",4,6,10,11
"505010",4,6,10,11
"505011",4,6,10,11
"505012",4,6,10,11
"505013",4,6,10,11
"505014",4,6,10,11
"506001",4,6,10,11
"506002",4,6,10,11
"506003",4,6,10,11
"506005",4,6,10,11
"506007",4,6,10,11
"506008",4,6,10,11
"506009",4,6,10,11
"506010",4,6,10,11
"506012",4,6,10,11
"507001",4,7,10,11
"507002",4,7,10,11
"507003",4,7,10,11
"507004",4,7,10,11
"507005",4,7,10,11
"507006",4,6,10,11
"507007",4,6,10,11
"507008",4,7,10,11
"507009",4,6,10,11
"507010",4,6,10,11
"507012",4,7,10,11
"507014",4,6,10,11
"507015",4,7,10,11
"507016",4,6,10,11
"507017",4,7,10,11
"507019",4,7,10,11
"507020",4,7,10,11
"507021",4,7,10,11
"507024",4,7,10,11
"507025",4,7,10,11
"507026",4,7,10,11
"507027",4,7,10,11
"507028",4,7,10,11
"507029",4,7,10,11
"507031",4,7,10,11
"507032",4,7,10,11
"507035",4,7,10,11
"507036",4,7,10,11
"507037",4,7,10,11
"508003",4,7,10,11
"508004",4,7,10,11
"508011",4,6,10,11
"508013",4,6,10,11
"508014",4,6,10,11
"508017",4,7,10,11
"509001",4,7,10,11
"509002",4,7,10,11
"509003",4,7,10,11
"509004",4,7,10,11
"510001",4,6,10,11
"510006",4,7,10,11
"510007",4,7,10,11
"511001",4,7,10,11
"511006",4,7,10,11
"512001",4,6,10,11
"512002",4,7,10,11
"512003",4,6,10,11
"512004",4,6,10,11
"513001",4,7,10,11
"513002",4,7,10,11
"513004",4,6,10,11
"513006",4,7,10,11
"513008",4,6,10,11
"513009",4,7,10,11
"513011",4,7,10,11
"513012",4,7,10,11
"513013",4,7,10,11
"514001",4,6,10,11
"516001",5,7,10,11
"516004",5,7,10,11
"516011",5,7,10,11
"516014",5,7,10,11
"516019",5,7,10,11
"516038",4,7,10,11
"516045",4,7,10,11
"516046",4,7,10,11
"516051",4,7,10,11
"516052",4,7,10,11
"516053",4,7,10,11
"516056",4,7,10,11
"516057",4,6,10,11
"516059",4,7,10,11
"516061",4,7,10,11
"516063",4,7,10,11
"516068",4,7,10,11
"517001",4,7,10,11
"517003",4,7,10,11
"517004",4,7,10,11
"517005",4,6,10,11
"517006",4,7,10,11
"517007",4,6,10,11
"517008",4,7,10,11
"517009",4,6,10,11
"517010",4,6,10,11
"517012",4,6,10,11
"517014",4,7,10,11
"517015",4,7,10,11
"518001",4,7,10,11
"518002",4,7,10,11
"518003",4,7,10,11
"518004",4,7,10,11
"518005",4,7,10,11
"518006",4,7,10,11
"518007",4,7,10,11
"518008",4,7,10,11
"518009",4,7,10,11
"518010",4,7,10,11
"518011",4,7,10,11
"518012",4,6,10,11
"518013",4,6,10,11
"518014",4,7,10,11
"518015",4,7,10,11
"518016",4,7,10,11
"518017",4,7,10,11
"518018",4,7,10,11
"519004",4,7,10,11
"519012",4,7,10,11
"520001",4,6,10,11
"520002",4,7,10,11
"520003",4,6,10,11
"520005",4,6,10,11
"520006",4,7,10,11
"521008",5,7,10,11
"521009",5,7,10,11
"522001",5,7,10,11
"522002",5,7,10,11
"522007",5,7,10,11
"522011",5,7,10,11
"522012",5,7,10,11
"522013",5,7,10,11
"522014",5,7,10,11
"522016",5,7,10,11
"522018",5,7,10,11
"522020",5,7,10,11
"522021",5,7,10,11
"522023",5,7,10,11
"523003",5,7,10,11
"523004",5,7,10,11
"523007",5,7,10,11
"523008",5,7,10,11
"523010",5,7,10,11
"523011",5,7,10,11
"523012",5,7,10,11
"523014",5,7,10,11
"523015",5,7,10,11
"523018",5,7,10,11
"523019",5,7,10,11
"523020",5,7,10,11
"523022",5,7,10,11
"523025",5,7,10,11
"523028",5,7,10,11
"523030",5,7,10,11
"523031",5,7,10,11
"523033",5,7,10,11
"523035",5,7,10,11
"523038",5,7,10,11
"524001",5,7,10,11
"524002",5,7,10,11
"525001",5,7,10,11
"525003",5,7,10,11
"525004",5,7,10,11
"525005",5,7,10,11
"525007",5,7,10,11
"525008",5,7,10,11
"525009",5,7,10,11
"525010",5,7,10,11
"525011",5,7,10,11
"527001",5,7,10,11
"527002",5,7,10,11
"527003",5,7,10,11
"527004",5,7,10,11
"527006",5,7,10,11
"527007",4,7,10,11
"527008",4,7,10,11
"527010",4,7,10,11
"528001",4,7,10,11
"528002",4,7,10,11
"528003",4,7,10,11
"528004",4,7,10,11
"528006",4,7,10,11
"528007",4,7,10,11
"528008",4,7,10,11
"528009",4,7,10,11
"528010",4,7,10,11
"528012",4,7,10,11
"528013",4,7,10,11
"528014",4,7,10,11
"529006",5,7,10,11
"529007",5,7,10,11
"529008",5,7,10,11
"529010",5,7,10,11
"530001",4,7,10,11
"530002",4,7,10,11
"530004",4,7,10,11
"530007",4,7,10,11
"531001",4,7,10,11
"531002",4,7,10,11
"531004",4,7,10,11
"531006",5,7,10,11
"531007",4,7,10,11
"531008",4,7,10,11
"531009",4,7,10,11
"531011",4,7,10,11
"531018",4,7,10,11
"531019",4,7,10,11
"531021",4,6,10,11
"534001",5,7,10,11
"534002",5,7,10,11
"534003",5,7,10,11
"534004",5,7,10,11
"534005",5,7,10,11
"534009",5,7,10,11
"534010",5,7,10,11
"535001",5,7,10,11
"536001",5,7,10,11
"536002",5,7,10,11
"536003",5,7,10,11
"536004",5,7,10,11
"536005",5,7,10,11
"536006",5,7,10,11
"536007",5,7,10,11
"536008",5,7,10,11
"536009",5,7,10,11
"536010",5,7,10,11
"536011",5,7,10,11
"536012",5,7,10,11
"536013",5,7,10,11
"536014",5,7,10,11
"536015",5,7,10,11
"536016",5,7,10,11
"537001",5,7,10,11
"537002",5,7,10,11
"537003",5,7,10,11
"537004",5,7,10,11
"537005",5,7,10,11
"538001",5,7,10,11
"539004",5,7,10,11
"539005",5,7,10,11
"539006",5,7,10,11
"539008",5,7,10,11
"540001",5,7,9,11
"540002",5,7,9,11
"540003",5,7,9,11
"540004",5,7,9,11
"540005",5,7,9,11
"540006",5,7,9,11
"540007",4,6,9,11
"540008",4,6,9,11
"540009",4,6,9,11
"540010",4,6,9,11
"540011",4,6,9,11
"540012",4,6,9,11
"540014",4,6,9,11
"540015",4,6,9,11
"540016",4,6,9,11
"540017",4,6,9,11
"540018",4,6,9,11
"540019",4,6,9,11
"540020",4,6,9,11
"540021",4,6,9,11
"540022",4,6,10,11
"540023",4,6,9,11
"540024",4,6,9,11
"540025",4,6,9,11
"540027",4,6,9,11
"540028",4,6,9,11
"540029",4,6,9,11
"540030",4,6,9,11
"540031",4,6,10,11
"540032",4,6,10,11
"540033",4,6,9,11
"540034",4,6,9,11
"540035",4,6,10,11
"540036",4,6,9,11
"540037",4,6,10,11
"540039",4,6,10,11
"540040",4,6,10,11
"540041",4,6,10,11
"540042",4,6,10,11
"540043",4,6,9,11
"540044",4,6,10,11
"540045",4,6,10,11
"540046",4,6,10,11
"540047",4,6,10,11
"540048",4,6,10,11
"540049",4,6,10,11
"540050",4,6,10,11
"540051",4,6,10,11
"540052",4,6,10,11
"540053",4,6,10,11
"540054",4,6,10,11
"540055",4,6,10,11
"540056",4,6,10,11
"540057",4,6,10,11
"540058",4,6,10,11
"540059",4,6,10,11
"540060",4,6,10,11
"540061",4,6,10,11
"540062",4,6,10,11
"540063",4,6,10,11
"540064",4,6,10,11
"540065",4,6,10,11
"540066",4,6,10,11
"540067",4,6,10,11
"540068",4,6,10,11
"540069",4,6,10,11
"540070",4,6,10,11
"540071",4,6,10,11
"540072",4,6,10,11
"540073",4,6,10,11
"540074",4,6,10,11
"540075",4,6,10,11
"540076",4,6,10,11
"540077",4,6,10,11
"540078",4,6,10,11
"540079",4,6,10,11
"540080",4,6,10,11
"540081",4,6,10,11
"540082",4,6,10,11
"540083",4,6,10,11
"540084",4,6,10,11
"540085",4,6,10,11
"540086",4,6,10,11
"540087",4,6,10,11
"540088",4,6,10,11
"540089",4,6,10,11
"540090",4,6,10,11
"540091",4,6,10,11
"540092",4,6,10,11
"540093",4,6,10,11
"540094",4,6,9,11
"540095",4,6,9,11
"540096",4,6,9,11
"540097",5,7,9,11
"540098",4,6,9,11
"540099",5,7,9,11
"540100",5,7,9,11
"540101",4,6,9,11
"540102",4,6,9,11
"540103",4,6,9,11
"540104",4,6,9,11
"540105",4,6,9,11
"540106",4,6,9,11
"540107",4,6,9,11
"540108",4,6,9,11
"540109",4,6,9,11
"540110",4,6,9,11
"540111",4,6,9,11
"540112",4,6,9,11
"540113",4,6,9,11
"540114",4,6,9,11
"540115",4,6,9,11
"540116",4,6,9,11
"541001",4,6,10,11
"541002",4,6,10,11
"541003",4,6,10,11
"541004",4,6,10,11
"541005",4,6,10,11
"541006",4,6,10,11
"541007",4,6,9,11
"541008",4,6,10,11
"541009",4,6,9,11
"541010",4,6,10,11
"541011",4,6,10,11
"541012",4,6,10,11
"541013",4,6,10,11
"541014",4,6,10,11
"541015",4,6,10,11
"541016",4,6,10,11
"541017",4,6,10,11
"541018",4,6,10,11
"541019",4,6,10,11
"541020",4,6,10,11
"541021",4,6,10,11
"541022",4,6,10,11
"541023",4,6,10,11
"541024",4,6,10,11
"541025",4,6,10,11
"541026",4,6,10,11
"541027",4,6,10,11
"541028",4,6,10,11
"541029",4,6,10,11
"541030",4,6,10,11
"541031",4,6,10,11
"541032",4,6,10,11
"541033",4,6,10,11
"541034",4,6,10,11
"541035",4,6,10,11
"541036",4,6,10,11
"541037",4,6,10,11
"541038",4,6,10,11
"541039",4,6,10,11
"541040",4,6,10,11
"541041",4,6,10,11
"541042",4,6,10,11
"541043",4,6,10,11
"541044",4,6,10,11
"541045",4,6,10,11
"541046",4,6,10,11
"541047",4,6,10,11
"541048",4,6,10,11
"541049",4,6,10,11
"541050",4,6,10,11
"541051",4,6,10,11
"541052",4,6,10,11
"541053",4,6,10,11
"541054",4,6,10,11
"541055",4,6,10,11
"541056",4,6,10,11
"541057",4,6,10,11
"541058",4,6,10,11
"541059",4,6,10,11
"541060",4,6,10,11
"541061",4,6,10,11
"541062",4,6,10,11
"541063",4,6,10,11
"541064",4,6,10,11
"541065",4,6,10,11
"541066",4,6,10,11
"541067",4,6,10,11
"541068",4,6,10,11
"541069",4,6,10,11
"542001",4,6,10,11
"542002",4,6,10,11
"542003",4,6,10,11
"542004",4,6,10,11
"543001",4,6,10,11
"543002",4,6,10,11
"543003",4,6,10,11
"543004",4,6,10,11
"543005",4,6,10,11
"543006",4,6,10,11
"543007",4,6,10,11
"543008",4,6,10,11
"543009",4,6,10,11
"543010",4,6,10,11
"543011",4,6,10,11
"543012",4,6,10,11
"544001",4,6,10,11
"544002",4,6,10,11
"544003",4,6,10,11
"544004",4,6,10,11
"544005",4,6,10,11
"544006",4,6,10,11
"544007",4,6,10,11
"544008",4,6,10,11
"544009",4,6,10,11
"544010",4,6,10,11
"544011",4,6,10,11
"544012",4,6,10,11
"545001",4,6,10,11
"545002",4,6,10,11
"545003",4,6,10,11
"545004",4,6,10,11
"545005",4,6,10,11
"545006",4,6,10,11
"546001",4,6,10,11
"546002",4,6,10,11
"546003",4,6,10,11
"546004",4,6,10,11
"546005",4,6,10,11
"546006",4,6,10,11
"546007",4,6,10,11
"547001",4,6,10,11
"547002",4,6,10,11
"547003",4,6,10,11
"547004",4,6,10,11
"547005",4,6,10,11
"547006",4,6,10,11
"547007",4,6,10,11
"547008",4,6,10,11
"547009",4,6,10,11
"547010",4,6,10,11
"547011",4,6,10,11
"548001",4,6,10,11
"549001",4,6,10,11
"549002",4,6,10,11
"549003",4,6,10,11
"549004",4,6,10,11
"550001",4,7,10,11
"550003",4,6,10,11
"550004",5,7,10,11
"550006",4,7,10,11
"550007",4,7,10,11
"550008",5,7,10,11
"550009",4,7,10,11
"550010",5,7,10,11
"550012",5,7,10,11
"550014",5,7,10,11
"550015",5,7,10,11
"550016",5,7,10,11
"550017",5,7,10,11
"550018",5,7,10,11
"550019",5,7,10,11
"550021",5,7,10,11
"550022",5,7,10,11
"550025",4,7,10,11
"550026",4,7,10,11
"550027",5,7,10,11
"550028",4,7,10,11
"551001",4,6,10,11
"551002",4,6,10,11
"551005",4,6,10,11
"551006",4,6,10,11
"551007",4,6,10,11
"551008",4,7,10,11
"551009",4,6,10,11
"551010",4,7,10,11
"551011",4,6,10,11
"551012",4,6,10,11
"551013",4,7,10,11
"551014",4,6,10,11
"551015",4,6,10,11
"551016",4,7,10,11
"551017",4,6,10,11
"551018",4,7,10,11
"551019",4,6,10,11
"551020",4,6,10,11
"551021",4,6,10,11
"551022",4,7,10,11
"551023",4,6,10,11
"551024",4,6,10,11
"551025",4,6,10,11
"551026",4,6,10,11
"551027",4,6,10,11
"551028",4,6,10,11
"551029",4,6,10,11
"552001",4,6,10,11
"552002",4,6,10,11
"552003",4,6,10,11
"552004",4,6,10,11
"552005",4,6,10,11
"552006",4,6,10,11
"552007",4,6,10,11
"552008",4,6,10,11
"552009",4,6,10,11
"552010",4,6,10,11
"552011",4,6,10,11
"552012",4,6,10,11
"553001",4,6,10,11
"553002",4,6,10,11
"553003",4,6,10,11
"553004",4,6,10,11
"553005",4,6,10,11
"553006",4,6,10,11
"553007",4,6,10,11
"553008",4,6,10,11
"553010",4,6,10,11
"553011",4,6,10,11
"553012",4,6,10,11
"553013",4,6,10,11
"553014",4,6,10,11
"553015",4,6,10,11
"553016",4,6,10,11
"553017",4,6,10,11
"553018",4,6,10,11
"553019",4,6,10,11
"553020",4,6,10,11
"553021",4,6,10,11
"553022",4,6,10,11
"553023",4,6,10,11
"553024",4,6,10,11
"553025",4,6,10,11
"553026",4,6,10,11
"553027",4,6,10,11
"553028",4,6,10,11
"554001",4,6,10,11
"554002",4,6,10,11
"555001",4,6,10,11
"555002",4,6,10,11
"555003",4,6,10,11
"555004",4,6,10,11
"555005",4,6,10,11
"555006",4,6,10,11
"555007",4,6,10,11
"555008",4,6,10,11
"555009",4,6,10,11
"555010",4,6,10,11
"555011",4,6,10,11
"555012",4,6,10,11
"555013",4,6,10,11
"555014",4,6,10,11
"555015",4,6,10,11
"555016",4,6,10,11
"555017",4,6,10,11
"556001",4,6,10,11
"556002",4,6,10,11
"556003",4,6,10,11
"556004",4,6,10,11
"556005",4,6,10,11
"556006",4,6,10,11
"556007",4,6,10,11
"556008",4,6,10,11
"556009",4,6,10,11
"556010",4,6,10,11
"556011",4,6,10,11
"556012",4,6,10,11
"556013",4,6,10,11
"556014",4,6,10,11
"556015",4,6,10,11
"556016",4,6,10,11
"557001",4,7,10,11
"557002",4,6,10,11
"557003",4,7,10,11
"557004",4,6,10,11
"557005",4,6,10,11
"557006",4,6,10,11
"557007",4,6,10,11
"557008",4,6,10,11
"557009",4,6,10,11
"558001",4,6,10,11
"558002",4,6,10,11
"558003",4,6,10,11
"558004",4,6,10,11
"558005",4,6,10,11
"558006",4,6,10,11
"558007",4,6,10,11
"558008",4,6,10,11
"558009",4,6,10,11
"558010",4,6,10,11
"558011",4,6,10,11
"559001",4,6,10,11
"560001",4,6,10,11
"560002",4,6,10,11
"560003",4,6,10,11
"560004",4,6,10,11
"560005",4,6,10,11
"560006",4,6,10,11
"560007",4,6,10,11
"561001",4,6,10,11
"561002",4,6,10,11
"562001",4,6,10,11
"562002",4,6,10,11
"562003",4,6,10,11
"563001",4,6,10,11
"564001",4,6,10,11
"564002",4,6,10,11
"564003",4,6,10,11
"564004",4,6,10,11
"564005",4,6,10,11
"564006",4,6,10,11
"564007",4,6,10,11
"564008",4,6,10,11
"564009",4,6,10,11
"564010",4,6,10,11
"564011",4,6,10,11
"564012",4,6,10,11
"564013",4,6,10,11
"565001",4,6,10,11
"565002",4,6,10,11
"565003",4,6,10,11
"565004",4,6,10,11
"565005",4,6,10,11
"565006",4,6,10,11
"565007",4,6,10,11
"565008",4,6,10,11
"565009",4,6,10,11
"565010",4,6,10,11
"565011",4,6,10,11
"565012",4,6,10,11
"565013",4,6,10,11
"565014",4,6,10,11
"565015",4,6,10,11
"565016",4,6,10,11
"565017",4,6,10,11
"565018",4,6,10,11
"565019",4,6,10,11
"565020",4,6,10,11
"565021",4,6,10,11
"565022",4,6,10,11
"565023",4,6,10,11
"565024",4,6,10,11
"565025",4,6,10,11
"566001",4,6,10,11
"566002",4,6,10,11
"566003",4,6,10,11
"566004",4,6,10,11
"567001",4,6,10,11
"567002",4,6,10,11
"567003",4,6,10,11
"567004",4,6,10,11
"567005",4,6,10,11
"567006",4,6,10,11
"567007",4,6,10,11
"567008",4,6,10,11
"568001",4,6,10,11
"568002",4,6,10,11
"568003",4,6,10,11
"568004",4,6,10,11
"568005",4,6,10,11
"568006",4,6,10,11
"568007",4,6,10,11
"568008",4,6,10,11
"568009",4,6,10,11
"568010",4,6,10,11
"568011",4,6,10,11
"569001",4,6,10,11
"569002",4,6,10,11
"569003",4,6,10,11
"569004",4,6,10,11
"569005",4,6,10,11
"569006",4,6,10,11
"569007",4,6,10,11
"569008",4,6,10,11
"569009",4,6,10,11
"569010",4,6,10,11
"570001",4,6,10,11
"570002",4,6,10,11
"570003",4,6,10,11
"570004",4,6,10,11
"570005",4,6,10,11
"570006",4,6,10,11
"570007",4,6,10,11
"570008",4,6,10,11
"570010",4,6,10,11
"571001",4,6,10,11
"571003",4,6,10,11
"572001",4,6,10,11
"572002",4,6,10,11
"572003",4,6,10,11
"572004",4,6,10,11
"572005",4,6,10,11
"572006",4,6,10,11
"572007",4,6,10,11
"581005",5,7,9,10
"581006",5,7,9,10
"581008",5,7,9,10
"581009",5,7,9,10
"581012",5,7,9,10
"583010",5,7,9,10
"583011",5,7,9,10
"583013",5,7,9,10
"583016",5,7,9,10
"583017",5,7,9,10
"583018",5,7,9,10
"583019",5,7,9,10
"584003",5,7,9,10
"585001",5,7,9,10
"585002",5,7,9,10
"585003",5,7,9,10
"585005",5,7,9,10
"585006",5,7,9,10
"585007",5,7,9,10
"585008",5,7,9,10
"585010",5,7,9,10
"585011",5,7,9,10
"585012",5,7,9,10
"585013",5,7,9,10
"585014",5,7,9,10
"585015",5,7,9,10
"585018",5,7,9,10
"585021",5,7,9,10
"585024",5,7,9,10
"585026",5,7,9,10
"585027",5,7,9,10
"586001",4,7,9,10
"586002",4,7,9,10
"586003",4,7,9,10
"586004",5,7,9,10
"586005",4,7,9,10
"586008",4,7,9,10
"586010",4,7,9,10
"586011",4,7,9,10
"586012",4,7,9,10
"586013",4,7,9,10
"586014",4,7,9,10
"586015",4,7,9,10
"586016",4,7,9,10
"587001",4,7,9,10
"587002",4,7,9,10
"587003",4,7,9,10
"587004",4,7,9,10
"587005",4,7,9,10
"587006",4,7,9,10
"588001",4,7,9,10
"588004",4,7,9,10
"588005",4,7,9,10
"588006",5,7,9,10
"588007",4,7,9,10
"588008",4,7,9,10
"588009",4,7,9,10
"588010",4,7,9,10
"588011",4,7,9,10
"588012",4,7,9,10
"588013",4,7,9,10
"588014",4,7,9,10
"589002",4,7,9,10
"590001",4,7,9,10
"590002",4,7,9,10
"590003",4,7,9,10
"590004",4,7,9,10
"590005",4,7,9,10
"590006",4,7,9,10
"591001",5,7,9,10
"591002",5,7,9,10
"591003",5,7,9,10
"591004",5,7,9,10
"591005",5,7,9,10
"591006",5,7,9,10
"591007",5,7,9,10
"591008",5,7,9,10
"591009",5,7,9,10
"591010",5,7,9,10
"591012",5,7,9,10
"591013",5,7,9,10
"591015",5,7,9,10
"591017",5,7,9,10
"591018",5,7,9,10
"591019",5,7,9,10
"591020",5,7,9,10
"591023",5,7,9,10
"591024",5,7,9,10
"591025",5,7,9,10
"591026",5,7,9,10
"591027",5,7,9,10
"591028",5,7,9,10
"591030",5,7,9,10
"591031",5,7,9,10
"591032",5,7,9,10
"591033",5,7,9,10
"591034",5,7,9,10
"591035",5,7,9,10
"591036",5,7,9,10
"591037",5,7,9,10
"591038",5,7,9,10
"591039",5,7,9,10
"591040",5,7,9,10
"591041",5,7,9,10
"591042",5,7,9,10
"591043",5,7,9,10
"591044",4,7,9,10
"591045",5,7,9,10
"591046",4,7,9,10
"591047",4,7,9,10
"591048",5,7,9,10
"591049",4,7,9,10
"592001",4,7,9,10
"592002",4,7,9,10
"592003",4,7,9,10
"592004",4,7,9,10
"592005",4,7,9,10
"592006",4,7,9,10
"592007",4,7,9,10
"592008",4,7,9,10
"592009",4,7,9,10
"592010",4,7,9,10
"592011",4,7,9,10
"593001",5,7,9,10
"593002",4,7,9,10
"593003",4,7,9,10
"593004",4,7,9,10
"593005",4,7,9,10
"594002",5,7,9,10
"594003",5,7,9,10
"594004",5,7,9,10
"594005",4,7,9,10
"595001",4,7,9,10
"595002",4,7,9,10
"595003",4,7,9,10
"596001",4,7,9,10
"596002",4,7,9,10
"596003",4,7,9,10
"596004",4,7,9,10
"596005",4,7,9,10
"596006",4,7,9,10
"596007",4,7,9,10
"596008",4,7,9,10
"596009",4,7,9,10
"596010",4,7,9,10
"597001",4,7,9,10
"597002",4,7,9,10
"597003",4,7,9,10
"597004",4,7,9,10
"597005",4,7,9,10
"598001",4,7,9,10
"598002",4,7,9,10
"598003",4,7,9,10
"598004",4,7,9,10
"598005",4,7,9,10
"599001",4,7,9,10
"599002",4,7,9,10
"599003",4,7,9,10
"600001",4,7,9,10
"600002",4,7,9,10
"600003",4,7,9,10
"600004",4,7,9,10
"600005",4,7,9,10
"609009",4,7,9,10
"610001",4,7,9,10
"610002",4,7,9,10
"610003",4,7,9,10
"610005",5,7,9,10
"610008",4,7,9,10
"610010",4,7,9,10
"610012",4,7,9,10
"610014",4,7,9,10
"610015",4,7,9,10
"610016",4,7,9,10
"610017",4,7,9,10
"610018",4,7,9,10
"610019",4,7,9,10
"610020",4,7,9,10
"611002",4,7,9,10
"611003",4,7,9,10
"611004",4,7,9,10
"612004",4,7,9,10
"612007",4,7,9,10
"612008",4,7,9,10
"615001",4,7,9,10
"615005",4,6,9,10
"615006",4,7,9,10
"615007",4,7,9,10
"615008",4,6,9,10
"615009",4,7,9,10
"615010",4,6,9,10
"615011",4,7,9,10
"615012",4,6,9,10
"615013",4,6,9,10
"616001",4,7,9,10
"616002",4,7,9,10
"616004",4,7,9,10
"616005",4,7,9,10
"616006",4,7,9,10
"616007",4,6,9,10
"617002",4,7,9,10
"617003",4,7,9,10
"617004",4,7,9,10
"618001",5,7,9,10
"618002",5,7,9,10
"618003",5,7,9,10
"618004",5,7,9,10
"618005",5,7,9,10
"618007",5,7,9,10
"618009",4,7,9,10
"618010",4,7,9,10
"618013",4,7,9,10
"618014",4,7,9,10
"618015",4,7,9,10
"618016",5,7,9,10
"618017",4,7,9,10
"618018",4,7,9,10
"618041",4,7,9,10
"618042",4,7,9,10
"619001",4,7,9,10
"619005",4,7,9,10
"619008",4,7,9,10
"619009",4,7,9,10
"622001",4,7,9,10
"622002",4,7,9,10
"622003",4,7,9,10
"622004",4,7,9,10
"623001",4,7,9,10
"623002",4,7,9,10
"623003",4,7,9,10
"623004",4,7,9,10
"623005",4,7,9,10
"623006",4,7,9,10
"623007",4,7,9,10
"623008",4,7,9,10
"623009",4,7,9,10
"623010",4,7,9,10
"623011",4,7,9,11
"623012",4,7,9,11
"623014",4,7,9,11
"623015",4,7,9,11
"623018",4,7,9,11
"625001",4,7,9,10
"626001",4,7,9,10
"626005",4,7,9,10
"629001",4,7,9,10
"629003",4,7,9,10
"629004",4,7,9,10
"629005",4,7,9,10
"629006",4,7,9,11
"629007",4,7,9,11
"629008",4,7,9,11
"630001",4,7,9,11
"630002",4,7,9,11
"630003",4,7,9,11
"630004",4,7,9,11
"631001",5,7,9,10
"631002",5,7,9,10
"647007",4,6,9,10
"647008",4,6,9,10
"647012",4,6,9,10
"647013",4,6,9,10
"650004",4,6,9,10
"650005",4,6,9,10
"650006",4,6,9,10
"650008",4,6,9,10
"652003",4,6,9,10
"652004",4,6,9,10
"652005",4,6,9,10
"657005",4,6,9,10
"657012",4,6,9,10
"657013",4,6,9,10
"657016",4,6,9,10
"658014",4,6,9,10
"658019",4,6,9,10
"660005",4,6,9,10
"660006",4,6,9,10
"660008",4,6,9,10
"660009",4,6,9,10
"660010",4,6,9,10
"661008",4,6,9,10
"661011",4,6,9,10
"661013",4,6,9,10
"661015",4,6,9,10
"662020",4,6,9,10
"667002",4,6,9,10
"669003",4,6,9,10
"669004",4,6,9,10
"672004",4,6,9,10
"672005",4,6,9,10
"672011",4,6,9,10
"672012",4,6,9,10
"677002",4,6,9,11
"678001",4,6,9,10
"678002",4,6,9,10
"678003",4,6,9,10
"678004",4,6,9,10
"678005",4,6,9,10
"678006",4,6,9,10
"678007",4,6,9,10
"678008",4,6,9,10
"678009",4,7,9,10
"678010",4,6,9,10
"678011",4,6,9,10
"678012",4,6,9,10
"679001",4,6,9,10
"680001",4,6,9,10
"680002",4,6,9,10
"680003",4,6,9,10
"680004",4,6,9,10
"680005",4,6,9,10
"680006",4,6,9,10
"680007",4,6,9,10
"680008",4,6,9,10
"680009",4,6,9,10
"680010",4,6,9,10
"680011",4,6,9,10
"680012",4,6,9,10
"680013",4,6,9,10
"680014",4,6,9,10
"680015",4,6,9,10
"681001",4,7,9,10
"681002",4,6,9,10
"681003",4,6,9,10
"681004",4,6,9,10
"681005",4,6,9,10
"681006",4,6,9,10
"682002",4,6,9,10
"682004",4,6,9,10
"682006",4,6,9,10
"682008",4,6,9,10
"682009",4,6,9,10
"682010",4,6,9,10
"682014",4,6,9,10
"683001",4,6,9,10
"683002",4,6,9,10
"683003",4,6,9,10
"684001",4,7,9,10
"684002",4,7,9,10
"684003",4,7,9,10
"684004",4,7,9,10
"684005",4,7,9,10
"684006",4,7,9,10
"684007",4,6,9,10
"684008",4,6,9,10
"684009",4,6,9,10
"684010",4,6,9,10
"684011",4,6,9,10
"684012",4,6,9,10
"685001",4,6,9,10
"685002",4,6,9,10
"685003",4,6,9,10
"685004",4,6,9,10
"685005",4,6,9,10
"686001",4,6,9,10
"686002",4,6,9,10
"686003",4,6,9,10
"686004",4,6,9,10
"686006",4,6,9,10
"687001",4,6,9,10
"687002",4,6,9,10
"687003",4,6,9,10
"687004",4,6,9,10
"687005",4,6,9,10
"687006",4,6,9,10
"687007",4,6,9,10
"687008",4,6,9,10
"687009",4,6,9,10
"687010",4,6,9,10
"687011",4,6,9,10
"687012",4,6,9,10
"688001",4,6,9,10
"688002",4,6,9,10
"688003",4,6,9,10
"688004",4,6,9,10
"689001",4,6,9,10
"689002",4,6,9,10
"689003",4,6,9,10
"689004",4,6,9,10
"689007",4,6,9,10
"689009",4,6,9,10
"689011",4,6,9,10
"689012",4,6,9,10
"689013",4,6,9,10
"690004",4,6,9,10
"690006",4,6,9,10
"690007",4,6,9,10
"690008",4,6,9,10
"690009",4,6,9,10
"690010",4,6,9,10
"690011",4,6,9,10
"690012",4,6,9,10
"690013",4,6,9,10
"690014",4,6,9,10
"691003",4,6,9,10
"691009",4,6,9,10
"691012",4,6,9,10
"692001",4,7,9,10
"692002",4,6,9,10
"692003",4,7,9,11
"692004",4,7,9,11
"692005",4,7,9,11
"692006",4,7,9,11
"692007",4,7,9,11
"692008",4,7,9,11
"692009",4,6,9,10
"692010",4,7,9,11
"693001",4,6,9,10
"693003",4,6,9,10
"693004",4,6,9,10
"693005",4,6,9,10
"693006",4,6,9,10
"693007",4,6,9,10
"693009",4,6,9,10
"693010",4,6,9,10
"693011",4,6,9,10
"693012",4,6,9,10
"694001",4,6,9,10
"694002",4,6,9,10
"694004",4,6,9,10
"694005",4,6,9,10
"695001",4,6,9,10
"695002",4,6,9,10
"695003",4,6,9,10
"695004",4,6,9,10
"696001",4,6,9,10
"696002",4,6,9,10
"696003",4,6,9,10
"696004",4,6,9,10
"696005",4,6,9,10
"696006",4,6,9,10
"696007",4,6,9,10
"696008",4,6,9,10
"696009",4,6,9,10
"696010",4,6,9,10
"696011",4,6,9,10
"696012",4,6,9,10
"696013",4,6,9,10
"696014",4,6,9,10
"696015",4,6,9,10
"697004",4,6,9,10
"697005",4,6,9,10
"698001",4,6,9,10
"698003",4,6,9,10
"698005",4,6,9,10
"698006",4,6,9,10
"698007",4,6,9,10
"698008",4,6,9,10
"698009",4,6,9,10
"698010",4,6,9,10
"698011",4,6,9,10
"698012",4,6,9,10
"699001",4,6,9,10
"699002",4,6,9,10
"700002",4,6,9,10
"700003",4,6,9,10
"700005",4,6,9,10
"700006",4,6,9,10
"700007",4,6,9,10
"700008",4,6,9,10
"701001",4,6,9,10
"701002",4,6,9,10
"701003",4,6,9,10
"701004",4,6,9,11
"701005",4,6,9,11
"701006",4,6,9,11
"701007",4,6,9,10
"701008",4,6,9,10
"701009",4,6,9,10
"701010",4,6,9,11
"702001",4,6,9,10
"702002",4,6,9,10
"702003",4,6,9,10
"702004",4,6,9,10
"702005",4,6,9,10
"702006",4,6,9,10
"702007",4,6,9,10
"702008",4,6,9,10
"702009",4,6,9,10
"702010",4,6,9,10
"702011",4,6,9,10
"703001",4,6,9,10
"703002",4,7,9,11
"703003",4,7,9,11
"703004",4,7,9,11
"703005",4,7,9,11
"703006",4,7,9,11
"703007",4,7,9,11
"704002",4,6,9,10
"704003",4,6,9,10
"704004",4,6,9,10
"704005",4,6,9,10
"704006",4,6,9,10
"705001",4,6,9,10
"705002",4,6,9,10
"705003",4,6,9,10
"705004",4,6,9,10
"705005",4,6,9,10
"705006",4,6,9,10
"705007",4,6,9,10
"705008",4,6,9,10
"706001",4,6,9,10
"706002",4,6,9,10
"706003",4,6,9,10
"706004",4,6,9,10
"706005",4,6,9,10
"706006",4,6,9,10
"706007",4,6,9,10
"706008",4,6,9,10
"707001",4,6,9,10
"707002",4,6,9,10
"707003",4,6,9,10
"707004",4,6,9,10
"707005",4,6,9,10
"707006",4,6,9,10
"707007",4,6,9,10
"707008",4,6,9,10
"707009",4,6,9,10
"707010",4,6,9,10
"707011",4,6,9,10
"708001",4,7,9,11
"708002",4,7,9,11
"708003",4,7,9,11
"708004",4,7,9,11
"708005",4,7,9,11
"708006",4,7,9,11
"709001",4,6,9,10
"709002",4,6,9,10
"709003",4,6,9,10
"709004",4,6,9,10
"709005",4,6,9,10
"709006",4,6,9,10
"709007",4,6,9,10
"709008",4,6,9,10
"709009",4,6,9,10
"709010",4,6,9,10
"709011",4,6,9,10
"709012",4,6,9,10
"709013",4,6,9,10
"709014",4,6,9,10
"709015",4,6,9,11
"709016",4,6,9,10
"709017",4,6,9,11
"709018",4,6,9,10
"709019",4,6,9,10
"709020",4,6,9,10
"709021",4,6,9,10
"710001",4,6,9,10
"710002",4,6,9,10
"710004",4,6,9,10
"710005",4,6,9,10
"710006",4,6,9,10
"710007",4,6,9,10
"710008",4,6,9,10
"710009",4,6,9,10
"711001",4,6,9,10
"711002",4,6,9,10
"711006",4,6,9,10
"711007",4,6,9,10
"714001",4,6,9,10
"714004",4,6,9,10
"714009",4,6,9,10
"714013",4,6,9,10
"714014",4,6,9,10
"714018",4,6,9,10
"714019",4,6,9,10
"715001",4,6,9,11
"715002",4,6,9,10
"715003",4,6,9,11
"715004",4,6,9,10
"715005",4,6,9,10
"715006",4,6,9,10
"716001",4,6,9,11
"716002",4,6,9,10
"716003",4,6,9,10
"717001",4,6,9,10
"717003",4,6,9,10
"717005",4,6,9,10
"717006",4,6,9,10
"717007",4,6,9,11
"717010",4,6,9,11
"717011",4,6,9,11
"717012",4,6,9,11
"717013",4,6,9,11
"717014",4,6,9,10
"717015",4,6,9,10
"718001",4,6,9,11
"718004",4,6,9,11
"720001",4,6,9,11
"723002",4,6,9,11
"723003",4,6,9,11
"723004",4,6,9,11
"723006",4,6,9,11
"723007",4,6,9,11
"723008",4,6,9,11
"723009",4,6,9,11
"723010",4,6,9,11
"723011",4,6,9,11
"724001",4,6,9,11
"724002",4,6,9,11
"724003",4,6,9,11
"724005",4,6,9,11
"724006",4,6,9,11
"724007",4,6,9,11
"724008",4,6,9,11
"724009",4,6,9,11
"724011",4,6,9,11
"724012",4,6,9,11
"726001",4,6,9,11
"726002",4,6,9,11
"726003",4,6,9,11
"726004",4,6,9,11
"726005",4,6,9,11
"727001",4,6,9,10
"727002",4,6,9,10
"727003",4,6,9,10
"727004",4,6,9,10
"727005",4,6,9,10
"727006",4,6,9,10
"727007",4,6,9,10
"727008",4,6,9,10
"727009",4,6,9,10
"727010",4,6,9,10
"727011",4,6,9,10
"727012",4,6,9,10
"727013",4,6,9,11
"727014",4,6,9,10
"728001",4,6,9,10
"728002",4,6,9,10
"728003",4,6,9,10
"728004",4,6,9,10
"728005",4,6,9,10
"728006",4,6,9,10
"729001",4,6,9,10
"729002",4,6,9,10
"729003",4,6,9,10
"729004",4,6,9,10
"729005",4,6,9,10
"729006",4,6,9,10
"729007",4,6,9,10
"729008",4,6,9,10
"729009",4,6,9,10
"729010",4,6,9,10
"729011",4,6,9,10
"729012",4,6,9,11
"729013",4,6,9,11
"729014",4,6,9,11
"729015",4,6,9,11
"729016",4,6,9,11
"729017",4,6,9,11
"729018",4,6,9,11
"729019",4,6,9,11
"729020",4,6,9,11
"729021",4,6,9,10
"729022",4,6,9,11
"729023",4,6,9,11
"729024",4,6,9,11
"730001",4,6,9,10
"730002",4,6,9,10
"730003",4,6,9,10
"730004",4,6,9,10
"730005",4,6,9,10
"730006",4,6,9,10
"730007",4,6,9,10
"730008",4,6,9,10
"730009",4,6,9,11
"730010",4,6,9,11
"730011",4,6,9,11
"731001",4,6,9,10
"731002",4,6,9,10
"731003",4,6,9,10
"731004",4,6,9,10
"731005",4,6,9,10
"731006",4,6,9,11
"731007",4,6,9,11
"731008",4,6,9,10
"731009",4,6,9,11
"731010",4,6,9,11
"731011",4,6,9,11
"731012",4,6,9,11
"731013",4,6,9,11
"731014",4,6,9,11
"731015",4,6,9,11
"731016",4,6,9,11
"732001",4,6,9,10
"733001",4,6,9,10
"733002",4,6,9,10
"733003",4,6,9,10
"733004",4,6,9,10
"733005",4,6,9,10
"733006",4,6,9,10
"733007",4,6,9,10
"733008",4,6,9,10
"733009",4,6,9,10
"733010",4,6,9,10
"733011",4,6,9,10
"733012",4,6,9,10
"734001",4,6,9,10
"734002",4,6,9,11
"734003",4,6,9,11
"734004",4,6,9,10
"735001",4,6,9,10
"735002",4,6,9,10
"735003",4,6,9,10
"735004",4,6,9,10
"735005",4,6,9,10
"735006",4,6,9,10
"735007",4,6,9,10
"735008",4,6,9,10
"736001",4,6,9,10
"736002",4,6,9,11
"736003",4,6,9,11
"736004",4,6,9,11
"736005",4,6,9,11
"736006",4,6,9,11
"736007",4,6,9,11
"736008",4,6,9,11
"736009",4,6,9,11
"736010",4,6,9,11
"736011",4,6,9,11
"736012",4,6,9,11
"737001",4,6,9,11
"737002",4,6,9,11
"737003",4,7,9,11
"737004",4,7,9,11
"737005",4,6,9,11
"738001",4,6,9,11
"738002",4,6,9,11
"738003",4,6,9,11
"738004",4,6,9,11
"738005",4,6,9,11
"738006",4,6,9,11
"738007",4,6,9,11
"739001",4,6,9,11
"739002",4,6,9,11
"739003",4,6,9,11
"739004",4,6,9,11
"739005",4,6,9,11
"740001",4,6,9,11
"740002",4,6,9,11
"740003",4,6,9,11
"740004",4,6,9,11
"740005",4,6,9,11
"740006",4,6,9,11
"740007",4,6,9,11
"740008",4,6,9,11
"740009",4,6,9,11
"741001",4,6,9,10
"741002",4,6,9,10
"741003",4,6,9,10
"741004",4,6,9,10
"741005",4,6,9,10
"741006",4,6,9,11
"741007",4,6,9,11
"741008",4,6,9,11
"741009",4,6,9,11
"741010",4,6,9,11
"741011",4,6,9,11
"741012",4,6,9,11
"742001",4,6,9,10
"742002",4,6,9,10
"742003",4,6,9,11
"743001",4,6,9,11
"743002",4,6,9,11
"743003",4,6,9,11
"744001",4,6,9,11
"744002",4,6,9,11
"744003",4,6,9,11
"744004",4,6,9,11
"744005",4,6,9,11
"745001",4,6,9,10
"745002",4,6,9,10
"745003",4,6,9,10
"745004",4,6,9,10
"745005",4,6,9,10
"745006",4,6,9,10
"745007",4,6,9,10
"745008",4,6,9,11
"745009",4,6,9,10
"745010",4,6,9,11
"745011",4,6,9,11
"745012",4,6,9,10
"745013",4,6,9,10
"745014",4,6,9,11
"745015",4,6,9,10
"745016",4,6,9,10
"746001",4,6,9,11
"746002",4,7,9,11
"747001",4,6,9,10
"747002",4,6,9,10
"747003",4,6,9,10
"747004",4,6,9,10
"747005",4,6,9,10
"748001",4,6,9,11
"748002",4,6,9,11
"748003",4,6,9,11
"748004",4,6,9,11
"748005",4,6,9,10
"748006",4,6,9,11
"748007",4,6,9,11
"748008",4,6,9,10
"748009",4,6,9,10
"748010",4,6,9,11
"748011",4,6,9,11
"748012",4,6,9,11
"748013",4,6,9,11
"748014",4,6,9,11
"748015",4,6,9,11
"748016",4,6,9,11
"748017",4,6,9,11
"749001",4,6,9,10
"749002",4,6,9,10
"749003",4,6,9,11
"749004",4,6,9,11
"749005",4,6,9,11
"749006",4,6,9,10
"749007",4,6,9,10
"749008",4,6,9,11
"749009",4,6,9,10
"749010",4,6,9,11
"750001",5,7,9,10
"750002",5,7,9,10
"750003",4,7,9,11
"750004",4,7,9,11
"750005",4,7,9,11
"750006",4,7,9,11
"750007",4,7,9,11
"750008",5,7,9,10
"751001",4,6,9,11
"751002",4,6,9,11
"751003",4,6,9,11
"751004",4,6,9,11
"751005",4,6,9,10
"751006",4,6,9,10
"751007",4,6,9,11
"752001",4,6,9,11
"752002",4,6,9,11
"752003",4,6,9,11
"752004",4,6,9,11
"752005",4,6,9,11
"752006",4,6,9,11
"752007",4,6,9,11
"752008",4,6,9,11
"752009",4,6,9,11
"752010",4,6,9,11
"752011",4,6,9,11
"752012",4,6,9,11
"752013",4,6,9,11
"752014",4,6,9,11
"752015",4,6,9,11
"752016",4,6,9,11
"752017",4,6,9,11
"752018",4,6,9,11
"752019",4,6,9,11
"753001",4,6,9,11
"753002",4,6,9,11
"753003",4,6,9,11
"753004",4,6,9,11
"753005",4,6,9,11
"753006",4,6,9,11
"753007",4,6,9,11
"753008",4,6,9,11
"753009",4,6,9,11
"753010",4,6,9,11
"753011",4,6,9,11
"753012",4,6,9,11
"753013",4,6,9,11
"754001",4,6,9,11
"754002",4,6,9,11
"754003",4,6,9,11
"754004",4,6,9,11
"754005",4,6,9,11
"754006",4,6,9,11
"754007",4,6,9,11
"754008",4,6,9,11
"754009",4,6,9,11
"754010",4,6,9,11
"754011",4,6,9,11
"755001",4,6,9,11
"755002",4,6,9,11
"755003",4,6,9,11
"756001",4,6,9,11
"756002",4,6,9,11
"756003",4,6,9,11
"756004",4,6,9,11
"756005",4,6,9,11
"756006",4,6,9,11
"756007",4,6,9,11
"756008",4,6,9,11
"757001",4,6,9,11
"757002",4,6,9,11
"757003",4,6,9,11
"757004",4,6,9,11
"758001",4,6,9,11
"758002",4,6,9,11
"758003",4,6,9,11
"758004",4,6,9,11
"758005",4,6,9,11
"758006",4,6,9,11
"758007",4,6,9,11
"758008",4,6,9,11
"758009",4,6,9,11
"758010",4,6,9,11
"758011",4,6,9,11
"759001",4,6,9,11
"760001",4,6,9,11
"760002",4,6,9,11
"760003",4,6,9,11
"760004",4,6,9,11
"760005",4,6,9,11
"761001",4,6,9,11
"761002",4,6,9,11
"761003",4,6,9,11
"762001",4,6,9,11
"762002",4,6,9,11
"762003",4,6,9,11
"762004",4,6,9,11
"762005",4,6,9,11
"763001",4,6,9,11
"763002",4,6,9,11
"763003",4,6,9,11
"763004",4,6,9,11
"763005",4,6,9,11
"763006",4,6,9,11
"763007",4,6,9,11
"763008",4,6,9,11
"763009",4,6,9,11
"763010",4,6,9,11
"763011",4,6,9,11
"764001",4,6,9,11
"764002",4,6,9,11
"764003",4,6,9,11
"764004",4,6,9,11
"764005",4,6,9,11
"765001",4,6,9,11
"765002",4,6,9,11
"765003",4,6,9,11
"765004",4,6,9,11
"765005",4,6,9,11
"765006",4,6,9,11
"765007",4,6,9,11
"765008",4,6,9,11
"765009",4,6,9,11
"766001",4,6,9,11
"766002",4,6,9,11
"766003",4,6,9,11
"766004",4,6,9,11
"766005",4,6,9,11
"766006",4,6,9,11
"766007",4,6,9,11
"766008",4,6,9,11
"766009",4,6,9,11
"766010",4,6,9,11
"767001",4,6,9,11
"767002",4,6,9,11
"767003",4,6,9,11
"767004",4,6,9,11
"767005",4,6,9,11
"767006",4,6,9,11
"767007",4,6,9,11
"767008",4,6,9,11
"767009",4,6,9,11
"767010",4,6,9,11
"767011",4,6,9,11
"767012",4,6,9,11
"767013",4,6,9,11
"767014",4,6,9,11
"767015",4,6,9,11
"768001",4,6,9,11
"768002",4,6,9,11
"769001",4,6,9,11
"769002",4,6,9,11
"769003",4,6,9,11
"769004",4,6,9,11
"769005",4,6,9,11
"770001",4,6,9,11
"770002",4,6,9,11
"770003",4,6,9,11
"770004",4,6,9,11
"770005",4,6,9,11
"770006",4,6,9,11
"770007",4,6,9,11
"770008",4,6,9,11
"770009",4,6,9,11
"770010",4,6,9,11
"771001",4,6,9,11
"771002",4,6,9,11
"771003",4,6,9,11
"771004",4,6,9,11
"771005",4,6,9,11
"771006",4,6,9,11
"771007",4,6,9,11
"771008",4,6,9,11
"772001",4,6,9,11
"772002",4,6,9,11
"773001",4,6,9,11
"773002",4,6,9,11
"773003",4,6,9,11
"773004",4,6,9,11
"773005",4,6,9,11
"773006",4,6,9,11
"773007",4,6,9,11
"773008",4,6,9,11
"773009",4,6,9,11
"774001",4,6,9,11
"774002",4,6,9,11
"774003",4,6,9,11
"774004",4,6,9,11
"775001",4,6,9,11
"775002",4,6,9,11
"775003",4,6,9,11
"775004",4,6,9,11
"776001",4,6,9,11
"776002",4,6,9,11
"776003",4,6,9,11
"776004",4,6,9,11
"776005",4,6,9,11
"777001",4,6,9,11
"777002",4,6,9,11
"777003",4,6,9,11
"778001",4,6,9,11
"779001",4,6,9,11
"779002",4,6,9,11
"780001",4,6,9,11
"780002",4,6,9,11
"780003",4,6,9,11
"780004",4,6,9,11
"780005",4,6,9,11
"780006",4,6,9,11
"781001",4,6,9,11
"781002",4,6,9,11
"781003",4,6,9,11
"781004",4,6,9,11
"781005",4,6,9,11
"781006",4,6,9,11
"781007",4,6,9,11
"781008",4,6,9,11
"781009",4,6,9,11
"782001",4,6,9,11
"782002",4,6,9,11
"782003",4,6,9,11
"782004",4,6,9,11
"782005",4,6,9,11
"782006",4,6,9,11
"782007",4,6,9,11
"782008",4,6,9,11
"782009",4,6,9,11
"782010",4,6,9,11
"782011",4,6,9,11
"782012",4,6,9,11
"782013",4,6,9,11
"782014",4,6,9,11
"782015",4,6,9,11
"782016",4,6,9,11
"782017",4,6,9,11
"783001",4,6,9,11
"783002",4,6,9,11
"783003",4,6,9,11
"784001",4,6,9,11
"784002",4,6,9,11
"784003",4,6,9,11
"784004",4,6,9,11
"784005",4,6,9,11
"784006",4,6,9,11
"785001",4,6,9,11
"785002",4,6,9,11
"786001",4,6,9,11
"786002",4,6,9,11
"786003",4,6,9,11
"786004",4,6,9,11
"786005",4,6,9,11
"786006",4,6,9,11
"786007",4,6,9,11
"787001",4,6,9,11
"787002",4,6,9,11
"787003",4,6,9,11
"787004",4,6,9,11
"788001",4,6,9,11
"788002",4,6,9,11
"789001",4,6,9,11
"789002",4,6,9,11
"789003",4,6,9,11
"789004",4,6,9,11
"789005",4,6,9,11
"789006",4,6,9,11
"789007",4,6,9,11
"789008",4,6,9,11
"789009",4,6,9,11
"790001",4,6,9,11
"790002",4,6,9,11
"790003",4,6,9,11
"791001",4,6,9,11
"791002",4,6,9,11
"791003",4,6,9,11
"792001",4,6,9,11
"792002",4,6,9,11
"792003",4,6,9,11
"792004",4,6,9,11
"792005",4,6,9,11
"792006",4,6,9,11
"792007",4,6,9,11
"792008",4,6,9,11
"792009",4,6,9,11
"792010",4,6,9,11
"793001",4,6,9,11
"793002",4,6,9,11
"793003",4,6,9,11
"793004",4,6,9,11
"793005",4,6,9,11
"793006",4,6,9,11
"793007",4,6,9,11
"793008",4,6,9,11
"793009",4,6,9,11
"793010",4,6,9,11
"793011",4,6,9,11
"793012",4,6,9,11
"793013",4,6,9,11
"793014",4,6,9,11
"793015",4,6,9,11
"793016",4,6,9,11
"793017",4,6,9,11
"794001",4,6,9,11
"794002",4,6,9,11
"794003",4,6,9,11
"794004",4,6,9,11
"795001",4,6,9,11
"795002",4,6,9,11
"795003",4,6,9,11
"795004",4,6,9,11
"795005",4,6,9,11
"796001",4,6,9,11
"796002",4,6,9,11
"796003",4,6,9,11
"796004",4,6,9,11
"796005",4,6,9,11
"797001",4,6,9,11
"797002",4,6,9,11
"797003",4,6,9,11
"797004",4,6,9,11
"798001",4,6,9,11
"798002",4,6,9,11
"798003",4,7,9,11
"798004",4,6,9,11
"798005",4,7,9,11
"798006",4,6,9,11
"798007",4,6,9,11
"798008",4,6,9,11
"798009",4,7,9,11
"798010",4,7,9,11
"798011",5,7,9,10
"799001",5,7,9,10
"800001",4,6,9,11
"800002",5,7,9,11
"800003",4,6,9,11
"800004",4,7,9,11
"800005",4,6,9,11
"800006",5,7,9,10
"800007",5,7,9,10
"801001",5,7,9,11
"801002",5,7,9,11
"802001",4,6,9,11
"802002",4,6,9,11
"802003",4,6,9,11
"803001",4,6,9,11
"803002",4,6,9,11
"803003",4,6,9,11
"803004",4,6,9,11
"803005",4,6,9,11
"803006",4,6,9,11
"803007",4,6,9,11
"803008",4,6,9,11
"803009",4,6,9,11
"804001",4,6,9,11
"804002",4,6,9,11
"804003",4,6,9,11
"804004",4,6,9,11
"805001",4,6,9,11
"805002",4,6,9,11
"805003",4,6,9,11
"805004",4,6,9,11
"805005",4,6,9,11
"805006",4,6,9,11
"805007",4,6,9,11
"805008",4,6,9,11
"806001",4,6,9,11
"806002",4,6,9,11
"806003",4,6,9,11
"806004",4,6,9,11
"806005",4,6,9,11
"806006",4,6,9,11
"806007",4,6,9,11
"806008",4,6,9,11
"806009",4,6,9,11
"806010",4,6,9,11
"806011",4,6,9,11
"806012",4,6,9,11
"807001",4,6,9,11
"807002",4,6,9,11
"807003",4,6,9,11
"807004",4,6,9,11
"807005",4,6,9,11
"807006",4,6,9,11
"807007",4,6,9,11
"808001",4,6,9,11
"808002",4,6,9,11
"808003",4,6,9,11
"808004",4,6,9,11
"808005",4,6,9,11
"808006",4,6,9,11
"808007",4,6,9,11
"808008",4,6,9,11
"808009",4,6,9,11
"808010",4,6,9,11
"808011",4,6,9,11
"808012",4,6,9,11
"808013",4,6,9,11
"808014",4,6,9,11
"808015",4,6,9,11
"808016",4,6,9,11
"808017",4,6,9,11
"809001",4,6,9,11
"809002",4,6,9,11
"809003",4,6,9,11
"809004",4,6,9,11
"809005",4,6,9,11
"809006",4,6,9,11
"809007",4,6,9,11
"809008",4,6,9,11
"809009",4,6,9,11
"809010",4,6,9,11
"809011",4,6,9,11
"809012",4,6,9,11
"809013",4,6,9,11
"809014",4,6,9,11
"809015",4,6,9,11
"809016",4,6,9,11
"809017",4,6,9,11
"809018",4,6,9,11
"809019",4,6,9,11
"809020",4,6,9,11
"809021",4,6,9,11
"810001",4,6,9,11
"810002",4,6,9,11
"810003",4,6,9,11
"811001",4,6,9,11
"811002",4,6,9,11
"811003",4,6,9,11
"812001",4,6,9,11
"812002",4,6,9,11
"812003",4,6,9,11
"812004",4,6,9,11
"812005",4,6,9,11
"812006",4,6,9,11
"812007",4,6,9,11
"812008",4,6,9,11
"812009",4,6,9,11
"812010",4,6,9,11
"812011",4,6,9,11
"812012",4,6,9,11
"813001",4,6,9,11
"813002",4,6,9,11
"813003",4,6,9,11
"813004",4,6,9,11
"813005",4,6,9,11
"813006",4,6,9,11
"813007",4,6,9,11
"813008",4,6,9,11
"813009",4,6,9,11
"814001",4,6,9,11
"814002",4,6,9,11
"814003",4,6,9,11
"814004",4,6,9,11
"814005",4,6,9,11
"814006",4,6,9,11
"815001",4,6,9,11
"815002",4,6,9,11
"815003",4,6,9,11
"815004",4,6,9,11
"815005",4,6,9,11
"815006",4,6,9,11
"815007",4,6,9,11
"815008",4,6,9,11
"816001",4,6,9,11
"816002",4,6,9,11
"816003",4,6,9,11
"816004",4,6,9,11
"816005",4,6,9,11
"816006",4,6,9,11
"816007",4,6,9,11
"816008",4,6,9,11
"816009",4,6,9,11
"816010",4,6,9,11
"816011",4,6,9,11
"816012",4,6,9,11
"816013",4,6,9,11
"816014",4,6,9,11
"816015",4,6,9,11
"816016",4,6,9,11
"816017",4,6,9,11
"816018",4,6,9,11
"816019",4,6,9,11
"816020",4,6,9,11
"817001",4,6,9,11
"817002",4,6,9,11
"817003",4,6,9,11
"818001",4,6,9,11
"818002",4,6,9,11
"818003",4,6,9,11
"818004",4,6,9,11
"818005",4,6,9,11
"818006",4,6,9,11
"819001",4,6,9,11
"819002",4,6,9,11
"820001",4,6,9,11
"820002",4,6,9,11
"820003",4,6,9,11
"820004",4,6,9,11
"820005",4,6,9,11
"821001",4,6,9,11
"821002",4,6,9,11
"821003",4,6,9,11
"821004",4,6,9,11
"821005",4,6,9,11
"821006",4,6,9,11
"821007",4,6,9,11
"821008",4,6,9,11
"821009",4,6,9,11
"822001",4,6,9,11
"822002",4,6,9,11
"822003",4,6,9,11
"822004",4,6,9,11
"822005",4,6,9,11
"822006",4,6,9,11
"822007",4,6,9,11
"823001",4,6,9,11
"823002",4,6,9,11
"823003",4,6,9,11
"823004",4,6,9,11
"823005",4,6,9,11
"823006",4,6,9,11
"823007",4,6,9,11
"823008",4,6,9,11
"824001",4,6,9,11
"824002",4,6,9,11
"824003",4,6,9,11
"824004",4,6,9,11
"824005",4,6,9,11
"824006",4,6,9,11
"824007",4,6,9,11
"824008",4,6,9,11
"825001",4,6,9,11
"825002",4,6,9,11
"825003",4,6,9,11
"825004",4,6,9,11
"825005",4,6,9,11
"825006",4,6,9,11
"825007",4,6,9,11
"825008",4,6,9,11
"825009",4,6,9,11
"825010",4,6,9,11
"825011",4,6,9,11
"825012",4,6,9,11
"825013",4,6,9,11
"825014",4,6,9,11
"825015",4,6,9,11
"825016",4,6,9,11
"825017",4,6,9,11
"826001",4,6,9,11
"826002",4,6,9,11
"826003",4,6,9,11
"826004",4,6,9,11
"826005",4,6,9,11
"826006",4,6,9,11
"826007",4,6,9,11
"826008",4,6,9,11
"826009",4,6,9,11
"826010",4,6,9,11
"826011",4,6,9,11
"826012",4,6,9,11
"826013",4,6,9,11
"826014",4,6,9,11
"826015",4,6,9,11
"826016",4,6,9,11
"826017",4,6,9,11
"826018",4,6,9,11
"826019",4,6,9,11
"826020",4,6,9,11
"826021",4,6,9,11
"826022",4,6,9,11
"826023",4,6,9,11
"826024",4,6,9,11
"826025",4,6,9,11
"827001",4,6,9,11
"827002",4,6,9,11
"827003",4,6,9,11
"827004",4,6,9,11
"827005",4,6,9,11
"827006",4,6,9,11
"828001",4,6,9,11
"828002",4,6,9,11
"828003",4,6,9,11
"828004",4,6,9,11
"828005",4,6,9,11
"828006",4,6,9,11
"828007",4,6,9,11
"828008",4,6,9,11
"828009",4,6,9,11
"828010",4,6,9,11
"828011",4,6,9,11
"828012",4,6,9,11
"828013",4,6,9,11
"828014",4,6,9,11
"828015",4,6,9,11
"828016",4,6,9,11
"828017",4,6,9,11
"828018",4,6,9,11
"828019",4,6,9,11
"828020",4,6,9,11
"828021",4,6,9,11
"829001",4,6,9,11
"829002",4,6,9,11
"829003",4,6,9,11
"829004",4,6,9,11
"829005",4,6,9,11
"830001",4,6,9,11
"830002",4,6,9,11
"830003",4,6,9,11
"830004",4,6,9,11
"830005",4,6,9,11
"830006",4,6,9,11
"830007",4,6,9,11
"830008",4,6,9,11
"830009",4,6,9,11
"830010",4,6,9,11
"830011",4,6,9,11
"830012",4,6,9,11
"830013",4,6,9,11
"830014",4,6,9,11
"830015",4,6,9,11
"830016",4,6,9,11
"830017",4,6,9,11
"830018",4,6,9,11
"830019",4,6,9,11
"830020",4,6,9,11
"830021",4,6,9,11
"830022",4,6,9,11
"831001",4,6,9,11
"831002",4,6,9,11
"831003",4,6,9,11
"832001",4,6,9,11
"832002",4,6,9,11
"832003",4,6,9,11
"832004",4,6,9,11
"832005",4,6,9,11
"832006",4,6,9,11
"832007",4,6,9,11
"832008",4,6,9,11
"832009",4,6,9,11
"832010",4,6,9,11
"832011",4,6,9,11
"832012",4,6,9,11
"832013",4,6,9,11
"832014",4,6,9,11
"832015",4,6,9,11
"832016",4,6,9,11
"832017",4,6,9,11
"832018",4,6,9,11
"832019",4,6,9,11
"832020",4,6,9,11
"832021",4,6,9,11
"833001",4,6,9,11
"833002",4,6,9,11
"833003",4,6,9,11
"833004",4,6,9,11
"833005",4,6,9,11
"833006",4,6,9,11
"833007",4,6,9,11
"833008",4,6,9,11
"833009",4,6,9,11
"833010",4,6,9,11
"833011",4,6,9,11
"834001",4,6,9,11
"834002",4,6,9,11
"834003",4,6,9,11
"834004",4,6,9,11
"835001",4,6,9,11
"836001",4,6,9,11
"837001",4,6,9,11
"837002",4,6,9,11
"837003",4,6,9,11
"837004",4,6,9,11
"837005",4,6,9,11
"838001",4,6,9,11
"838002",4,6,9,11
"838003",4,6,9,11
"838004",4,6,9,11
"838005",4,6,9,11
"838006",4,6,9,11
"838007",4,6,9,11
"838008",4,6,9,11
"838009",4,6,9,11
"838010",4,6,9,11
"838011",4,6,9,11
"838012",4,6,9,11
"838013",4,6,9,11
"838014",4,6,9,11
"838015",4,6,9,11
"838016",4,6,9,11
"838017",4,6,9,11
"839001",4,6,9,11
"839002",4,6,9,11
"840001",4,6,9,11
"840002",4,6,9,11
"840003",4,6,9,11
"841001",4,6,9,11
"841002",4,6,9,11
"843001",4,6,9,11
"843002",4,6,9,11
"843003",4,6,9,11
"843004",4,6,9,11
"844001",4,6,9,11
"844002",4,6,9,11
"844003",4,6,9,11
"846001",4,6,9,11
"846002",4,6,9,11
"846003",4,6,9,11
"846004",4,6,9,11
"846005",4,6,9,11
"847001",4,6,9,11
"847002",4,6,9,11
"847003",4,6,9,11
"848001",4,6,9,11
"848002",4,6,9,11
"849001",4,6,9,11
"849002",4,6,9,11
"849003",4,6,9,11
"849004",4,6,9,11
"849005",4,6,9,11
"849006",4,6,9,11
"849007",4,6,9,11
"849008",4,6,9,11
"849009",4,6,9,11
"849010",4,6,9,11
"850001",4,6,9,11
"850002",4,6,9,11
"850003",4,6,9,11
"850004",4,6,9,11
"850005",4,6,9,11
"851001",4,6,9,11
"851002",4,6,9,11
"851003",4,6,9,11
"852001",4,6,9,11
"852002",4,6,9,11
"852003",4,6,9,11
"852004",4,6,9,11
"852005",4,6,9,11
"853001",4,6,9,11
"854001",4,6,9,11
"854002",4,6,9,11
"855001",4,6,9,11
"855002",4,6,9,11
"940015",5,7,9,10
"940020",5,7,9,10
"940025",5,7,9,10
"943007",4,7,10,11
"944020",5,7,9,10
"944022",5,7,9,10
"944024",5,7,9,10
"944027",5,7,9,10
"944029",5,7,9,10
"944031",5,7,9,10
"944040",5,7,9,10
"948004",5,7,9,11
"950010",5,7,9,10
"950016",5,7,9,10
"950034",4,7,10,11
"955001",4,7,10,11
"955026",4,7,10,11
"955029",4,6,10,11
"955030",4,6,10,11
"955040",4,6,10,11
"955042",4,6,10,11
"956002",4,7,10,11
"956003",4,6,10,11
"956004",4,6,10,11
"956005",4,6,10,11
"956006",4,6,10,11
"956007",4,6,10,11
"956009",4,6,10,11
"956010",4,6,10,11
"956012",4,6,10,11
"956013",4,6,10,11
"956014",4,6,10,11
"956015",4,6,10,11
"956016",4,6,10,11
"956017",4,6,10,11
"956018",4,6,10,11
"956019",4,6,10,11
"956020",4,6,10,11
"956021",4,6,10,11
"956022",4,6,10,11
"956023",4,6,10,11
"956024",4,6,10,11
"956025",4,6,10,11
"956026",4,6,10,11
"956027",4,6,10,11
"956028",4,6,10,11
"957001",4,7,10,11
"957002",4,7,10,11
"957003",4,7,10,11
"957008",4,6,10,11
"957011",4,6,10,11
"957012",4,6,10,11
"957014",4,6,10,11
"957015",4,6,10,11
"957017",4,6,10,11
"957018",4,6,10,11
"958003",4,6,10,11
"958008",4,7,10,11
"958010",4,7,10,11
"958011",4,6,10,11
"959002",4,6,10,11
"959003",4,6,10,11
"959004",4,6,10,11
"959005",4,6,10,11
"959006",4,6,10,11
"959007",4,6,10,11
"959008",4,6,10,11
"959009",4,6,10,11
"959010",4,6,10,11
"959011",4,6,10,11
"959012",4,6,10,11
"959013",4,6,10,11
"959014",4,6,10,11
"959015",4,6,10,11
"959016",4,7,10,11
"959017",4,7,10,11
"959018",4,7,10,11
"959019",4,7,10,11
"959020",4,7,10,11
"959022",4,7,10,11
"959023",4,7,10,11
"959024",4,7,10,11
"959025",4,7,10,11
"959026",4,7,10,11
"959028",4,7,10,11
"9593001",4,7,9,10
"9593002",4,7,9,10
"960001",4,7,10,11
"9607001",4,7,9,10
"9609001",4,7,9,10
"9609002",4,7,9,10
"9609003",4,7,9,10
"9609005",4,6,9,10
"962011",5,7,9,10
"9687001",4,6,9,10
"9687002",4,6,9,10
"9687003",4,6,9,10
"9687004",4,6,9,10
"9687005",4,6,9,10
"9687006",4,6,9,10
"9687007",4,6,9,10
"9687008",4,6,9,10
"9687009",4,6,9,10
"9687010",4,6,9,10
"9687011",4,6,9,10
"969007",5,7,9,10
"971001",5,7,9,10
"971002",5,7,9,10
"972001",5,7,9,10
"972002",5,7,9,10
"972003",5,7,9,10
"972004",5,7,9,10
"972005",5,7,9,10
"972006",5,7,9,10
"972008",5,7,9,10
"972010",5,7,9,10
"972014",5,7,9,10
"972017",5,7,9,10
"972018",5,7,9,10
"972022",5,7,9,10
"972023",5,7,9,10
"972026",5,7,9,10
"972028",5,7,9,10
"972029",5,7,9,10
"972033",5,7,9,10
"972034",5,7,9,10
"974022",4,7,9,10
"974026",4,7,9,10
"974027",4,7,9,10
"974030",5,7,9,10
"974035",5,7,9,10
"974036",5,7,9,10
"974038",5,7,9,10
"974040",5,7,9,11
"974042",5,7,9,11
"975004",5,7,9,10
"976001",5,7,9,11
"976002",5,7,9,11
"976004",4,7,9,11
"976005",4,7,9,11
"976006",4,7,9,11
"976007",5,7,9,10
"976008",5,7,9,10
"976009",4,7,9,11
"976011",5,7,9,10
"976012",5,7,9,11
"976013",5,7,9,11
"976014",5,7,9,10
"976015",5,7,9,10
"976016",5,7,9,11
"976017",5,7,9,11
"977001",5,7,9,10
"977006",5,7,9,10
"977010",5,7,9,10
"977016",5,7,9,10
"977026",5,7,9,11
"978001",5,7,9,11
"978002",4,7,9,11
"978003",4,7,9,11
"978004",4,7,9,11
"978006",4,7,9,11
"978007",4,7,9,11
"978008",5,7,9,11
"978009",4,7,9,11
"978010",4,7,9,11
"978012",4,7,9,11
"978014",5,7,9,11
"978020",5,7,9,11
"978022",5,7,9,11
"978023",5,7,9,11
"978025",5,7,9,11
"978026",5,7,9,11
"978027",5,7,9,11
"978028",5,7,9,11
"978029",5,7,9,11
"978030",5,7,9,11
"978031",5,7,9,11
"978032",5,7,9,11
"9787001",4,6,9,11
"9787002",4,6,9,11
"9787003",4,6,9,11
"9787004",4,6,9,11
"979001",5,7,9,11
"979002",5,7,9,11
"979003",5,7,9,11
"979004",5,7,9,11
"979005",5,7,9,11
"979006",5,7,9,11
"979007",5,7,9,11
"979008",5,7,9,11
"979009",5,7,9,11
"979010",5,7,9,11
"980051",5,7,9,10
"981011",5,7,9,10
"981012",5,7,9,10
"981014",5,7,9,10
"982006",5,7,9,10
"982008",5,7,9,10
"982010",5,7,9,10
"982013",5,7,9,10
"982016",5,7,9,10
"982017",5,7,9,10
"982019",5,7,9,10
"982020",5,7,9,10
"982021",5,7,9,10
"982022",5,7,9,10
"982024",5,7,9,10
"982025",5,7,9,10
"982026",5,7,9,10
"982027",5,7,9,10
"982028",5,7,9,10
"982029",5,7,9,10
"982030",4,7,9,10
"982033",5,7,9,10
"982034",5,7,9,10
"982035",5,7,9,10
"982036",5,7,9,10
"982037",4,7,9,10
"982038",5,7,9,10
"982039",4,7,9,10
"982040",5,7,9,10
"982041",5,7,9,10
"982042",5,7,9,10
"982043",5,7,9,11
"982044",5,7,9,11
"982045",5,7,9,11
"982046",5,7,9,10
"982047",5,7,9,11
"982048",5,7,9,11
"982049",5,7,9,11
"982050",5,7,9,11
"982051",5,7,9,11
"982052",5,7,9,11
"982054",5,7,9,11
"987005",5,7,9,10
"987010",5,7,9,10
"987019",5,7,9,10
"988001",5,7,9,10
"988009",5,7,9,10
"988012",4,7,9,11
"988014",5,7,9,10
"988015",4,7,9,11
"988016",5,7,9,10
"988018",5,7,9,10
"988019",5,7,9,10
"990002",5,7,9,10
"990003",5,7,9,10
"990007",5,7,9,10
"990013",5,7,9,10
"990015",5,7,9,10
"990016",5,7,9,10
"990020",5,7,9,10
"990022",5,7,9,10
"990023",5,7,9,10
"990031",5,7,9,10
"991001",5,7,9,10
"991002",5,7,9,11
"991003",5,7,9,10
"991004",5,7,9,10
"991005",5,7,9,11
"991006",5,7,9,10
"991011",5,7,9,11
"991012",5,7,9,11
"991013",5,7,9,10
"991014",5,7,9,11
"992002",5,7,9,10
"995006",5,7,9,10
"995024",5,7,9,10
